id,label
109,0.3427700698375702
145,0.3679441511631012
15,0.5391813516616821
162,0.44049277901649475
167,0.4669416546821594
200,0.3168935477733612
210,0.5471645593643188
211,0.4757128953933716
213,0.3408466875553131
224,0.5818511843681335
