id,label
109,0.7515013217926025
145,0.7184804081916809
15,0.715478241443634
162,0.7425968050956726
167,0.7098178863525391
200,0.6734569072723389
210,0.7244980335235596
211,0.7079715132713318
213,0.6873367428779602
224,0.7342072129249573
